queen is always referred to a godess,C1_0.4_4
queen is looking like a star godess,C1_0.4_4
queen was once a queen young girl queen,C1_0.4_4
queen is looking like a godess,C1_0.4_4
reset my windows password,C2_0.4_4
reset my windows password and my id is jinraj,C2_0.4_4
reset my ntid,C2_0.4_4
reset my password,C2_0.4_4
princess is a girl will be queen,C3_0.4_3
queen was once a young girl,C3_0.4_3
a smart lady can become queen in any kingdom,C3_0.4_3
a stronger person can become king in any kingdom,C4_0.4_2
a weeker person cannot become a king because he can be killed anytime,C4_0.4_2
our prince is as strong as rock,C5_0.3_2
prince is a boy will be king,C5_0.3_2
king can be killed anytime so we need make him strong,Others_0.3_2
a intelligent woman can become anything in any kingdom,Others_0.3_2
